Unnamed: 0,Company,Industry,Location,Link
0,Consulting Out Loud,Services et conseil aux entreprises,Houston,https://www.linkedin.com/company/buyerpsychology/
1,Consulting Engineers Group Ltd.,Génie civil,"Jaipur, Rajasthan",https://www.linkedin.com/company/consulting-engineers-group-ltd-/
2,Consulting Point,Services et conseil aux entreprises,"London, London",https://www.linkedin.com/company/consulting-point/
3,Consulting Comedy,Production audiovisuelle,New York,https://www.linkedin.com/company/consulting-comedy/
4,Consulting by Kantar,Services et conseil aux entreprises,London,https://www.linkedin.com/company/consulting-by-kantar/
5,MCS Management Consulting & Selection,Services et conseil aux entreprises,"Rome, Latium",https://www.linkedin.com/company/mcs/
6,Deloitte Consulting,Services et conseil aux entreprises,"New York, New York",https://www.linkedin.com/company/deloitteconsulting/
7,Launch Consulting Group,Services et conseil en informatique,"Bellevue, Washington",https://www.linkedin.com/company/launch-consulting-group/
8,ProViso Consulting,Recrutement et placement de personnel,"Toronto, ON",https://www.linkedin.com/company/proviso/
9,VEN Consulting India Pvt. Ltd.,Recrutement et placement de personnel,"Bengaluru, Karnataka",https://www.linkedin.com/company/ven-consulting-india-private-ltd/
10,IBM Consulting,Services et conseil en informatique,New York,https://www.linkedin.com/company/ibmconsulting/
11,FTI Consulting,Services et conseil aux entreprises,"Washington, DC",https://www.linkedin.com/company/fti-consulting/
12,Alexander Ash Consulting,Recrutement et placement de personnel,"London, .",https://www.linkedin.com/company/alexander-ash-consulting/
13,TALENT Tree Consulting S.r.l.,Ressources humaines,"Milan, MI",https://www.linkedin.com/company/talent-tree-consulting-srl/
14,Versique Search & Consulting,Recrutement et placement de personnel,"Minneapolis, MN",https://www.linkedin.com/company/versique-search-consulting/
15,Alternate Doors Consulting,Services de ressources humaines,"Nairobi, Nairobi",https://www.linkedin.com/company/alternatedoors/
16,Alquemy Search & Consulting,Services et conseil en informatique,"toronto, Ontario",https://www.linkedin.com/company/alquemy/
17,PCE Precision Consulting Engineering,Activités d’architecture,"Giza, Dokki",https://www.linkedin.com/company/pce-precision-consulting-engineering/
18,New Street Consulting Group (NSCG),Services et conseil aux entreprises,"London, London",https://www.linkedin.com/company/nscg/
19,Boston Consulting Group (BCG),Services et conseil aux entreprises,"Boston, Massachusetts",https://www.linkedin.com/company/boston-consulting-group/
20,Infosys Consulting,Services et conseil aux entreprises,Bangalore,https://www.linkedin.com/company/infosysconsulting/
21,UNISON INTERNATIONAL CONSULTING (The Recruitment Company),Recrutement et placement de personnel,"Gurgaon, Haryana",https://www.linkedin.com/company/unison-international-consulting-pvt.-ltd/
22,Human Consulting Strategies,Services et conseil aux entreprises,"Guayaquil, Guayas",https://www.linkedin.com/company/human-consulting-strategies/
23,ILF Consulting Engineers,Services et conseil en informatique,"Worldwide, >45 offices",https://www.linkedin.com/company/ilf-consulting-engineers/
24,Amaris Consulting,Services et conseil en informatique,Geneva,https://www.linkedin.com/company/amaris/
25,L.E.K. Consulting,Services et conseil aux entreprises,"Boston, MA",https://www.linkedin.com/company/lekconsulting/
26,ASK Consulting,Recrutement et placement de personnel,"Alpharetta, Georgia (GA)",https://www.linkedin.com/company/ask-consulting-/
27,Eames Consulting,Recrutement et placement de personnel,"London, England",https://www.linkedin.com/company/eames-consulting-group/
28,PD Consulting Engineers Pvt. Ltd.,Génie civil,"New Delhi, Delhi",https://www.linkedin.com/company/pd-consulting-engineers-pvt-ltd/
29,Tata Consulting Engineers Limited,Services de design,"Mumbai, Maharastra",https://www.linkedin.com/company/tceconnect/
30,Sattva Consulting,Services et conseil aux entreprises,"Bangalore, Karnataka",https://www.linkedin.com/company/sattva-media-and-consulting-pvt-ltd-/
31,Phillips Consulting Limited,Services et conseil aux entreprises,"Lekki Phase 1 , Lagos",https://www.linkedin.com/company/phillips-consulting-limited/
32,Options Consulting Solutions,Recrutement et placement de personnel,"Toronto, Ontario",https://www.linkedin.com/company/options-personnel/
33,Merino Consulting Services,Services et conseil en informatique,"New Delhi, Delhi",https://www.linkedin.com/company/merinoconsultingservices/
34,Cambay Consulting LLC,Services et conseil en informatique,"Katy, Texas",https://www.linkedin.com/company/cambay-consulting/
35,Westernacher Consulting,Services et conseil aux entreprises,Heidelberg,https://www.linkedin.com/company/westernacherconsulting/
36,VTRAC Consulting Corporation (WBE),Services et conseil aux entreprises,"Toronto, Ontario",https://www.linkedin.com/company/vtrac/
37,Cloud Consulting,Services et conseil en informatique,London,https://www.linkedin.com/company/cloud-consulting-company/
38,Queen Consulting Group (now Talent Groups),Services et conseil en informatique,"Boston, MA",https://www.linkedin.com/company/queen-consulting-group/
39,ABeam Consulting Indonesia,Services et conseil aux entreprises,"Jakarta Selatan, Jakarta",https://www.linkedin.com/company/abeamconsultingid/
40,Public Consulting Group,Services professionnels,"Boston, MA",https://www.linkedin.com/company/public-consulting-group/
41,Centric Consulting,Services et conseil aux entreprises,"Dayton, Ohio",https://www.linkedin.com/company/centric-consulting/
42,The Lab Consulting,Services et conseil aux entreprises,"Houston, Texas",https://www.linkedin.com/company/the-lab-consulting/
43,Supro Consulting,Ressources humaines,"Surat, Gujarat",https://www.linkedin.com/company/suproconsulting/
44,Polaris Consulting & Services Ltd,Services et conseil en informatique,Chennai,https://www.linkedin.com/company/polaris-financial-technologylimited/
45,Quarry Consulting,Services et conseil aux entreprises,"Kanata, Ontario",https://www.linkedin.com/company/quarry-consulting/
46,Vitasta Consulting Pvt Ltd,Services de ressources humaines,"Thane West, Maharashtra",https://www.linkedin.com/company/vitasta-consulting/
47,IBU Consulting,Services et conseil en informatique,"London, UK",https://www.linkedin.com/company/ibuconsulting/
48,DeSimone Consulting Engineering,Services de design,"New York, New York",https://www.linkedin.com/company/desimone-consulting-engineers/
49,ShoreWise Consulting,Services et conseil en informatique,"Rochester Hills, Michigan",https://www.linkedin.com/company/shorewise-consulting/
50,Thoughts2Binary Consulting & Solutions,Technologies et services de l’information,"Gurgaon, Haryana",https://www.linkedin.com/company/thoughts2binary/
51,Indigo Consulting,Services et conseil en informatique,"Mumbai, Maharashtra",https://www.linkedin.com/company/indigo-consulting/
52,Ogilvy Consulting,Services de publicité,New York,https://www.linkedin.com/company/ogilvyconsulting/
53,Aureon Consulting,Recrutement et placement de personnel,"West Des Moines, Iowa",https://www.linkedin.com/company/aureon-consulting1/
54,Prowess Consulting LLC,Services et conseil en informatique,"Bellevue, Washington",https://www.linkedin.com/company/prowess/
55,Vector Consulting Group,Services et conseil aux entreprises,"Thane West, Maharashtra",https://www.linkedin.com/company/vector-consulting-group/
56,Davidson consulting,Services et conseil aux entreprises,"Boulogne-Billancourt, Île-de-France",https://www.linkedin.com/company/davidson-consulting/
57,Eurogroup Consulting,Services et conseil aux entreprises,"Courbevoie, Île-de-France",https://www.linkedin.com/company/eurogroup-consulting-france/
58,Sintegra Consulting,Services et conseil en informatique,Paris,https://www.linkedin.com/company/sintegra-consulting/
59,Idol Image Consulting,Médias en ligne,"Kula, Hawaii",https://www.linkedin.com/company/idol-image-consulting/
60,"Prudent Technologies and Consulting, Inc.",Services et conseil en informatique,"Dallas, TX",https://www.linkedin.com/company/prudent-technologies-and-consulting-inc/
61,UC (Universal Consulting India Pvt Ltd),Services et conseil aux entreprises,"Mumbai, MH",https://www.linkedin.com/company/universalconsulting/
62,Business Partners Consulting,Services de ressources humaines,"São Paulo, São Paulo",https://www.linkedin.com/company/business-partners-consulting/
63,DB Engineering & Consulting,Transport ferroviaire,"Berlin, Berlin",https://www.linkedin.com/company/db-engineering-consulting/
64,Ramboll Management Consulting,Services et conseil aux entreprises,2300 Copenhagen S,https://www.linkedin.com/company/ramboll-management-consulting/
65,aizoOn Technology Consulting,Services et conseil en informatique,Torino,https://www.linkedin.com/company/aizoon-technology-consulting/
66,Mount Talent Consulting Pvt Ltd.,Recrutement et placement de personnel,"Noida, Uttar Pradesh",https://www.linkedin.com/company/mount-talent-consulting/
67,180 Degrees Consulting,Organisations à but non lucratif,"Sydney, NSW",https://www.linkedin.com/company/180degreesconsulting/
68,"Gardner Resources Consulting, LLC",Recrutement et placement de personnel,"Wellesley, MA",https://www.linkedin.com/company/grcstaffing/
69,Claire Myers Consulting,Recrutement et placement de personnel,"Sonoma, California",https://www.linkedin.com/company/claire-myers-consulting/
70,Hector & Streak Consulting Private Limited,Services de ressources humaines,"Mumbai, Maharashtra",https://www.linkedin.com/company/hector-&-streak/
71,Case In Point Consulting,Services et conseil aux entreprises,Riyad,https://www.linkedin.com/company/caseinpointco/
72,Recruise India Consulting Pvt Ltd,Recrutement et placement de personnel,"Banaswadi, Bangalore, Karnataka",https://www.linkedin.com/company/recruise-india-consulting/
73,New Chapter Consulting Ltd,Recrutement et placement de personnel,"Leeds, Yorkshire",https://www.linkedin.com/company/new-chapter-consulting/
74,Arch Staffing & Consulting,Recrutement et placement de personnel,"Miami, Florida",https://www.linkedin.com/company/archstaffing/
75,Cedar Management Consulting International,Services et conseil aux entreprises,"New York, NY",https://www.linkedin.com/company/cedar-management-consulting-international-llc/
76,NIRAS International Consulting,Services et conseil aux entreprises,Copenhagen,https://www.linkedin.com/company/niras-development-consulting/
77,Hyde Engineering + Consulting,Fabrication de produits pharmaceutiques,"Boulder, CO",https://www.linkedin.com/company/hyde-engineering---consulting/
78,CORADIX Technology Consulting Ltd.,Services et conseil en informatique,"Ottawa, Ontario",https://www.linkedin.com/company/coradix-technology-consulting-inc./
79,"IDOM Consulting, Engineering, Architecture",Services d’ingénierie,BILBAO,https://www.linkedin.com/company/idom/
80,Porsche Consulting,Services et conseil aux entreprises,"Stuttgart, Baden-Württemberg",https://www.linkedin.com/company/porsche-consulting-/
81,SRK Consulting,Exploitation minière,Vancouver,https://www.linkedin.com/company/srk-consulting/
82,Smart Consulting,Services et conseil en informatique,Lisboa,https://www.linkedin.com/company/thesmartwaytodoit/
83,Axpe Consulting,Services et conseil en informatique,"Madrid, España",https://www.linkedin.com/company/axpe-consulting/
84,Corecom Consulting,Services et conseil en informatique,"Leeds, West Yorkshire",https://www.linkedin.com/company/corecom-consulting/
85,GFA Consulting Group GmbH,Commerce et développement international,"Hamburg, Germany",https://www.linkedin.com/company/gfa-consulting-group-gmbh/
86,"""MRL Consulting SARL""",Recrutement et placement de personnel,"Hove, East Sussex",https://www.linkedin.com/company/mrlcg/
87,CORUS Consulting,Services et conseil en informatique,"Madrid, Madrid",https://www.linkedin.com/company/corusconsulting/
88,ABeam Consulting,Services et conseil aux entreprises,"Tokyo, Japan",https://www.linkedin.com/company/abeam-consulting/
89,NBCC Consulting,Services et conseil en informatique,"Lisboa, Lisboa",https://www.linkedin.com/company/nbcc-consulting/
90,Multivision Consulting,Services et conseil en informatique,Lisboa,https://www.linkedin.com/company/multivisionconsulting/
91,Intellera Consulting,Services et conseil aux entreprises,"Milan, Lombardy",https://www.linkedin.com/company/intellera-consulting/
92,"Pyramid Consulting, Inc",Services et conseil en informatique,"Alpharetta, Georgia",https://www.linkedin.com/company/pyramid-consulting/
93,Alp Consulting Ltd.,Recrutement et placement de personnel,"Bangalore, Karnataka",https://www.linkedin.com/company/alp-consulting-ltd./
94,Kerry Consulting,Services de recrutement de cadres,Singapore,https://www.linkedin.com/company/kerry-consulting/
95,Steneral Consulting,Services et conseil en informatique,"Newark, Delaware",https://www.linkedin.com/company/steneral-consulting/
96,EHAF Consulting Engineers,Activités d’architecture,"United Arab Emirates , Abu Dhabi",https://www.linkedin.com/company/ehaf-consulting-engineers/
97,Monroe Consulting Group,Recrutement et placement de personnel,"Singapore , Singapore",https://www.linkedin.com/company/monroe-consulting-group/
98,SGS Consulting,Recrutement et placement de personnel,"Princeton, New Jersey",https://www.linkedin.com/company/sgs-consulting/
