Company,Industry,Location,Link
Consulting Out Loud,Services et conseil aux entreprises,Houston,https://www.linkedin.com/company/buyerpsychology/
Consulting Engineers Group Ltd.,Génie civil,"Jaipur, Rajasthan",https://www.linkedin.com/company/consulting-engineers-group-ltd-/
Consulting Point,Services et conseil aux entreprises,"London, London",https://www.linkedin.com/company/consulting-point/
Consulting Comedy,Production audiovisuelle,New York,https://www.linkedin.com/company/consulting-comedy/
Consulting by Kantar,Services et conseil aux entreprises,London,https://www.linkedin.com/company/consulting-by-kantar/
MCS Management Consulting & Selection,Services et conseil aux entreprises,"Rome, Latium",https://www.linkedin.com/company/mcs/
Deloitte Consulting,Services et conseil aux entreprises,"New York, New York",https://www.linkedin.com/company/deloitteconsulting/
Launch Consulting Group,Services et conseil en informatique,"Bellevue, Washington",https://www.linkedin.com/company/launch-consulting-group/
ProViso Consulting,Recrutement et placement de personnel,"Toronto, ON",https://www.linkedin.com/company/proviso/
VEN Consulting India Pvt. Ltd.,Recrutement et placement de personnel,"Bengaluru, Karnataka",https://www.linkedin.com/company/ven-consulting-india-private-ltd/
IBM Consulting,Services et conseil en informatique,New York,https://www.linkedin.com/company/ibmconsulting/
FTI Consulting,Services et conseil aux entreprises,"Washington, DC",https://www.linkedin.com/company/fti-consulting/
Alexander Ash Consulting,Recrutement et placement de personnel,"London, .",https://www.linkedin.com/company/alexander-ash-consulting/
TALENT Tree Consulting S.r.l.,Ressources humaines,"Milan, MI",https://www.linkedin.com/company/talent-tree-consulting-srl/
Versique Search & Consulting,Recrutement et placement de personnel,"Minneapolis, MN",https://www.linkedin.com/company/versique-search-consulting/
Alternate Doors Consulting,Services de ressources humaines,"Nairobi, Nairobi",https://www.linkedin.com/company/alternatedoors/
Alquemy Search & Consulting,Services et conseil en informatique,"toronto, Ontario",https://www.linkedin.com/company/alquemy/
PCE Precision Consulting Engineering,Activités d’architecture,"Giza, Dokki",https://www.linkedin.com/company/pce-precision-consulting-engineering/
New Street Consulting Group (NSCG),Services et conseil aux entreprises,"London, London",https://www.linkedin.com/company/nscg/
Boston Consulting Group (BCG),Services et conseil aux entreprises,"Boston, Massachusetts",https://www.linkedin.com/company/boston-consulting-group/
Infosys Consulting,Services et conseil aux entreprises,Bangalore,https://www.linkedin.com/company/infosysconsulting/
UNISON INTERNATIONAL CONSULTING (The Recruitment Company),Recrutement et placement de personnel,"Gurgaon, Haryana",https://www.linkedin.com/company/unison-international-consulting-pvt.-ltd/
Human Consulting Strategies,Services et conseil aux entreprises,"Guayaquil, Guayas",https://www.linkedin.com/company/human-consulting-strategies/
ILF Consulting Engineers,Services et conseil en informatique,"Worldwide, >45 offices",https://www.linkedin.com/company/ilf-consulting-engineers/
Amaris Consulting,Services et conseil en informatique,Geneva,https://www.linkedin.com/company/amaris/
L.E.K. Consulting,Services et conseil aux entreprises,"Boston, MA",https://www.linkedin.com/company/lekconsulting/
ASK Consulting,Recrutement et placement de personnel,"Alpharetta, Georgia (GA)",https://www.linkedin.com/company/ask-consulting-/
Eames Consulting,Recrutement et placement de personnel,"London, England",https://www.linkedin.com/company/eames-consulting-group/
PD Consulting Engineers Pvt. Ltd.,Génie civil,"New Delhi, Delhi",https://www.linkedin.com/company/pd-consulting-engineers-pvt-ltd/
Tata Consulting Engineers Limited,Services de design,"Mumbai, Maharastra",https://www.linkedin.com/company/tceconnect/
Sattva Consulting,Services et conseil aux entreprises,"Bangalore, Karnataka",https://www.linkedin.com/company/sattva-media-and-consulting-pvt-ltd-/
Phillips Consulting Limited,Services et conseil aux entreprises,"Lekki Phase 1 , Lagos",https://www.linkedin.com/company/phillips-consulting-limited/
Options Consulting Solutions,Recrutement et placement de personnel,"Toronto, Ontario",https://www.linkedin.com/company/options-personnel/
Merino Consulting Services,Services et conseil en informatique,"New Delhi, Delhi",https://www.linkedin.com/company/merinoconsultingservices/
Cambay Consulting LLC,Services et conseil en informatique,"Katy, Texas",https://www.linkedin.com/company/cambay-consulting/
Westernacher Consulting,Services et conseil aux entreprises,Heidelberg,https://www.linkedin.com/company/westernacherconsulting/
VTRAC Consulting Corporation (WBE),Services et conseil aux entreprises,"Toronto, Ontario",https://www.linkedin.com/company/vtrac/
Cloud Consulting,Services et conseil en informatique,London,https://www.linkedin.com/company/cloud-consulting-company/
Queen Consulting Group (now Talent Groups),Services et conseil en informatique,"Boston, MA",https://www.linkedin.com/company/queen-consulting-group/
ABeam Consulting Indonesia,Services et conseil aux entreprises,"Jakarta Selatan, Jakarta",https://www.linkedin.com/company/abeamconsultingid/
Public Consulting Group,Services professionnels,"Boston, MA",https://www.linkedin.com/company/public-consulting-group/
Centric Consulting,Services et conseil aux entreprises,"Dayton, Ohio",https://www.linkedin.com/company/centric-consulting/
The Lab Consulting,Services et conseil aux entreprises,"Houston, Texas",https://www.linkedin.com/company/the-lab-consulting/
Supro Consulting,Ressources humaines,"Surat, Gujarat",https://www.linkedin.com/company/suproconsulting/
Polaris Consulting & Services Ltd,Services et conseil en informatique,Chennai,https://www.linkedin.com/company/polaris-financial-technologylimited/
Quarry Consulting,Services et conseil aux entreprises,"Kanata, Ontario",https://www.linkedin.com/company/quarry-consulting/
Vitasta Consulting Pvt Ltd,Services de ressources humaines,"Thane West, Maharashtra",https://www.linkedin.com/company/vitasta-consulting/
IBU Consulting,Services et conseil en informatique,"London, UK",https://www.linkedin.com/company/ibuconsulting/
DeSimone Consulting Engineering,Services de design,"New York, New York",https://www.linkedin.com/company/desimone-consulting-engineers/
ShoreWise Consulting,Services et conseil en informatique,"Rochester Hills, Michigan",https://www.linkedin.com/company/shorewise-consulting/
Thoughts2Binary Consulting & Solutions,Technologies et services de l’information,"Gurgaon, Haryana",https://www.linkedin.com/company/thoughts2binary/
Indigo Consulting,Services et conseil en informatique,"Mumbai, Maharashtra",https://www.linkedin.com/company/indigo-consulting/
Ogilvy Consulting,Services de publicité,New York,https://www.linkedin.com/company/ogilvyconsulting/
Aureon Consulting,Recrutement et placement de personnel,"West Des Moines, Iowa",https://www.linkedin.com/company/aureon-consulting1/
Prowess Consulting LLC,Services et conseil en informatique,"Bellevue, Washington",https://www.linkedin.com/company/prowess/
Vector Consulting Group,Services et conseil aux entreprises,"Thane West, Maharashtra",https://www.linkedin.com/company/vector-consulting-group/
Davidson consulting,Services et conseil aux entreprises,"Boulogne-Billancourt, Île-de-France",https://www.linkedin.com/company/davidson-consulting/
Eurogroup Consulting,Services et conseil aux entreprises,"Courbevoie, Île-de-France",https://www.linkedin.com/company/eurogroup-consulting-france/
Sintegra Consulting,Services et conseil en informatique,Paris,https://www.linkedin.com/company/sintegra-consulting/
Idol Image Consulting,Médias en ligne,"Kula, Hawaii",https://www.linkedin.com/company/idol-image-consulting/
"Prudent Technologies and Consulting, Inc.",Services et conseil en informatique,"Dallas, TX",https://www.linkedin.com/company/prudent-technologies-and-consulting-inc/
UC (Universal Consulting India Pvt Ltd) ,Services et conseil aux entreprises,"Mumbai, MH",https://www.linkedin.com/company/universalconsulting/
Business Partners Consulting,Services de ressources humaines,"São Paulo, São Paulo",https://www.linkedin.com/company/business-partners-consulting/
DB Engineering & Consulting,Transport ferroviaire,"Berlin, Berlin",https://www.linkedin.com/company/db-engineering-consulting/
Ramboll Management Consulting,Services et conseil aux entreprises,2300 Copenhagen S,https://www.linkedin.com/company/ramboll-management-consulting/
aizoOn Technology Consulting,Services et conseil en informatique,Torino,https://www.linkedin.com/company/aizoon-technology-consulting/
Mount Talent Consulting Pvt Ltd.,Recrutement et placement de personnel,"Noida, Uttar Pradesh",https://www.linkedin.com/company/mount-talent-consulting/
180 Degrees Consulting,Organisations à but non lucratif,"Sydney, NSW",https://www.linkedin.com/company/180degreesconsulting/
"Gardner Resources Consulting, LLC",Recrutement et placement de personnel,"Wellesley, MA",https://www.linkedin.com/company/grcstaffing/
Claire Myers Consulting,Recrutement et placement de personnel,"Sonoma, California",https://www.linkedin.com/company/claire-myers-consulting/
Hector & Streak Consulting Private Limited,Services de ressources humaines,"Mumbai, Maharashtra",https://www.linkedin.com/company/hector-&-streak/
Case In Point Consulting,Services et conseil aux entreprises,Riyad ,https://www.linkedin.com/company/caseinpointco/
Recruise India Consulting Pvt Ltd,Recrutement et placement de personnel,"Banaswadi, Bangalore, Karnataka",https://www.linkedin.com/company/recruise-india-consulting/
New Chapter Consulting Ltd,Recrutement et placement de personnel,"Leeds, Yorkshire",https://www.linkedin.com/company/new-chapter-consulting/
Arch Staffing & Consulting,Recrutement et placement de personnel,"Miami, Florida",https://www.linkedin.com/company/archstaffing/
Cedar Management Consulting International,Services et conseil aux entreprises,"New York, NY",https://www.linkedin.com/company/cedar-management-consulting-international-llc/
NIRAS International Consulting,Services et conseil aux entreprises,Copenhagen,https://www.linkedin.com/company/niras-development-consulting/
Hyde Engineering + Consulting,Fabrication de produits pharmaceutiques,"Boulder, CO",https://www.linkedin.com/company/hyde-engineering---consulting/
CORADIX Technology Consulting Ltd.,Services et conseil en informatique,"Ottawa, Ontario",https://www.linkedin.com/company/coradix-technology-consulting-inc./
"IDOM Consulting, Engineering, Architecture",Services d’ingénierie,BILBAO,https://www.linkedin.com/company/idom/
Porsche Consulting,Services et conseil aux entreprises,"Stuttgart, Baden-Württemberg",https://www.linkedin.com/company/porsche-consulting-/
SRK Consulting,Exploitation minière,Vancouver,https://www.linkedin.com/company/srk-consulting/
Smart Consulting,Services et conseil en informatique,Lisboa,https://www.linkedin.com/company/thesmartwaytodoit/
Axpe Consulting,Services et conseil en informatique,"Madrid, España",https://www.linkedin.com/company/axpe-consulting/
Corecom Consulting,Services et conseil en informatique,"Leeds, West Yorkshire",https://www.linkedin.com/company/corecom-consulting/
GFA Consulting Group GmbH,Commerce et développement international,"Hamburg, Germany",https://www.linkedin.com/company/gfa-consulting-group-gmbh/
"""MRL Consulting SARL""",Recrutement et placement de personnel,"Hove, East Sussex",https://www.linkedin.com/company/mrlcg/
CORUS Consulting,Services et conseil en informatique,"Madrid, Madrid",https://www.linkedin.com/company/corusconsulting/
ABeam Consulting,Services et conseil aux entreprises,"Tokyo, Japan",https://www.linkedin.com/company/abeam-consulting/
NBCC Consulting,Services et conseil en informatique,"Lisboa, Lisboa",https://www.linkedin.com/company/nbcc-consulting/
Multivision Consulting,Services et conseil en informatique,Lisboa,https://www.linkedin.com/company/multivisionconsulting/
Intellera Consulting,Services et conseil aux entreprises,"Milan, Lombardy",https://www.linkedin.com/company/intellera-consulting/
"Pyramid Consulting, Inc",Services et conseil en informatique,"Alpharetta, Georgia",https://www.linkedin.com/company/pyramid-consulting/
Alp Consulting Ltd.,Recrutement et placement de personnel,"Bangalore, Karnataka",https://www.linkedin.com/company/alp-consulting-ltd./
Kerry Consulting,Services de recrutement de cadres,Singapore,https://www.linkedin.com/company/kerry-consulting/
Steneral Consulting,Services et conseil en informatique,"Newark, Delaware",https://www.linkedin.com/company/steneral-consulting/
EHAF Consulting Engineers,Activités d’architecture,"United Arab Emirates , Abu Dhabi",https://www.linkedin.com/company/ehaf-consulting-engineers/
Monroe Consulting Group,Recrutement et placement de personnel,"Singapore , Singapore ",https://www.linkedin.com/company/monroe-consulting-group/
SGS Consulting,Recrutement et placement de personnel,"Princeton, New Jersey",https://www.linkedin.com/company/sgs-consulting/
